{
  "hardware": {
    "gpu": "A100",
    "tp": 1,
    "BW_peak": 2039000000000.0,
    "F_peak": 312000000000000.0,
    "BW_eff": 1564389351818.7363,
    "c_comm": 0.0
  },
  "model": {
    "name": "Qwen2.5-14B",
    "W_t": 29539379200.0,
    "W_d": 9721292800.0,
    "C_dense": 27981250560,
    "C_attn": 983040,
    "kappa_theoretical": 196608,
    "rho": 0.32909604274960524,
    "gqa": 5
  },
  "calibration": {
    "eta_d": 1.271,
    "kappa_eff": 48070,
    "F_eff": 233514000000000.0,
    "c_T": 50.0,
    "c_D": 153.9,
    "c_V": 232.3,
    "beta": 0.0,
    "per_gamma": {}
  },
  "metadata": {
    "created": "2026-04-21",
    "csv_source": "qwen_14b_sweep.csv",
    "F_eff_tflops": 233.5,
    "F_eff_source": "sd_toggle/configs/F_eff_bench_a100.json",
    "c_comm_ms": 0.0,
    "c_comm_source": "default",
    "phase": 1,
    "fit_loss": "hybrid_0.5comp_0.5lv2",
    "gammas": [
      3,
      7,
      11,
      15
    ],
    "s2_diagnostics": {
      "R2": 0.9021451913796108,
      "rmse_ms": 3.433197815632129,
      "n_points": 360,
      "eta_d": 1.271,
      "c_D": 153.9,
      "c_V": 232.3,
      "loss": 0.014329
    },
    "bw_diagnostics": {
      "BW_eff": 1564389351818.7363,
      "R2": 0.8312467136867073,
      "n_points": 45
    }
  }
}