{
  "gpu": "NVIDIA A100-SXM4-80GB NVLink",
  "host": "redacted",
  "measured_at": "2026-04-19T05:05:58.850364+00:00",
  "torch_version": "2.9.0+cu128",
  "world_size": 2,
  "warmup_runs": 10,
  "timed_runs": 100,
  "batch_sizes": [
    1,
    4,
    8,
    16,
    32,
    64,
    128
  ],
  "per_allreduce_latency_us": {
    "D3584_B1": 34.224,
    "D3584_B4": 35.424,
    "D3584_B8": 35.744,
    "D3584_B16": 35.616,
    "D3584_B32": 36.944,
    "D3584_B64": 40.016,
    "D3584_B128": 46.192,
    "D4096_B1": 33.744,
    "D4096_B4": 32.976,
    "D4096_B8": 33.008,
    "D4096_B16": 33.344,
    "D4096_B32": 35.6,
    "D4096_B64": 39.328,
    "D4096_B128": 68.288,
    "D5120_B1": 33.36,
    "D5120_B4": 33.76,
    "D5120_B8": 35.424,
    "D5120_B16": 34.272,
    "D5120_B32": 35.856,
    "D5120_B64": 41.536,
    "D5120_B128": 69.008
  },
  "c_comm_per_model_tp2": {
    "Qwen2.5-7B_tp2": {
      "c_comm_B1_sec": 0.001917,
      "c_comm_B4_sec": 0.001984,
      "c_comm_B8_sec": 0.002002,
      "c_comm_B16_sec": 0.001994,
      "c_comm_B32_sec": 0.002069,
      "c_comm_B64_sec": 0.002241,
      "c_comm_B128_sec": 0.002587
    },
    "Llama-3.1-8B-Instruct_tp2": {
      "c_comm_B1_sec": 0.00216,
      "c_comm_B4_sec": 0.00211,
      "c_comm_B8_sec": 0.002113,
      "c_comm_B16_sec": 0.002134,
      "c_comm_B32_sec": 0.002278,
      "c_comm_B64_sec": 0.002517,
      "c_comm_B128_sec": 0.00437
    },
    "Qwen2.5-14B_tp2": {
      "c_comm_B1_sec": 0.003203,
      "c_comm_B4_sec": 0.003241,
      "c_comm_B8_sec": 0.003401,
      "c_comm_B16_sec": 0.00329,
      "c_comm_B32_sec": 0.003442,
      "c_comm_B64_sec": 0.003987,
      "c_comm_B128_sec": 0.006625
    }
  }
}