{
  "model": "Llama-3.1-8B-Instruct",
  "tp": 1,
  "quant_ratio": 0.25,
  "D": 4096,
  "D_ff": 14336,
  "L": 32,
  "n_heads": 32,
  "n_kv": 8,
  "d_h": 128,
  "V": 128256,
  "gqa": 4,
  "W_t": 16060522496.0,
  "W_t_GB": 16.060522496,
  "W_d": 5591539712.0,
  "W_d_GB": 5.591539712,
  "rho": 0.3481542841082921,
  "kappa_theoretical": 131072,
  "C_dense": 15009316864,
  "C_dense_GFLOPS": 15.009316864,
  "C_attn": 524288,
  "C_attn_MFLOPS": 0.524288
}