{
  "model": "Qwen2.5-14B",
  "tp": 1,
  "quant_ratio": 0.25,
  "D": 5120,
  "D_ff": 13824,
  "L": 48,
  "n_heads": 40,
  "n_kv": 8,
  "d_h": 128,
  "V": 152064,
  "gqa": 5,
  "W_t": 29539379200.0,
  "W_t_GB": 29.5393792,
  "W_d": 9721292800.0,
  "W_d_GB": 9.7212928,
  "rho": 0.32909604274960524,
  "kappa_theoretical": 196608,
  "C_dense": 27981250560,
  "C_dense_GFLOPS": 27.98125056,
  "C_attn": 983040,
  "C_attn_MFLOPS": 0.98304
}