{
  "model": "Qwen2.5-7B",
  "tp": 1,
  "quant_ratio": 0.25,
  "D": 3584,
  "D_ff": 18944,
  "L": 28,
  "n_heads": 28,
  "n_kv": 4,
  "d_h": 128,
  "V": 152064,
  "gqa": 7,
  "W_t": 15230974976.0,
  "W_t_GB": 15.230974976,
  "W_d": 5443042304.0,
  "W_d_GB": 5.443042304,
  "rho": 0.35736663690780135,
  "kappa_theoretical": 57344,
  "C_dense": 14140571648,
  "C_dense_GFLOPS": 14.140571648,
  "C_attn": 401408,
  "C_attn_MFLOPS": 0.401408
}